{
  "nodes": {},
  "total_sent": 362,
  "fast_path_committed": 288,
  "fast_path_aborted": 0,
  "slow_path_committed": 74,
  "fast_path_ratio": 0.7955801104972375,
  "slow_path_ratio": 0.20441988950276244,
  "avg_fast_path_latency_us": 3129.1041666666665,
  "avg_slow_path_latency_us": 5118.648648648648,
  "avg_total_latency": 3535.806629834254,
  "avg_throughput_rps": 18.881605073914404,
  "max_owd_deadline": 1000
}